<?xml version="1.0" encoding="UTF-8"?>
<!DOCTYPE beans PUBLIC "-//SPRING//DTD BEAN//EN" "http://www.springframework.org/dtd/spring-beans.dtd">
<!--  Application context definition for Map Layer DispatcherServlet -->
<beans>
	<!--  Define how the dispatcher will select the contollers -->
	<bean id="urlMapping" class="org.springframework.web.servlet.handler.SimpleUrlHandlerMapping">
		<property name="mappings">
			<props>
				<prop key="/taxon/**/*">taxonDensityController</prop>
				<prop key="/country/**/*">countryDensityController</prop>
				<prop key="/homeCountry/**/*">homeCountryDensityController</prop>
				<prop key="/network/**/*">networkDensityController</prop>
				<prop key="/provider/**/*">providerDensityController</prop>
				<prop key="/resource/**/*">resourceDensityController</prop>
			</props>
		</property>
	</bean>
	
	<bean id="taxonDensityController" parent="entityDensityController">
		<property name="entityType" value="1"/>
		<property name="urlRoot" value="taxon"/>
	</bean>
	<bean id="countryDensityController" parent="entityDensityController">
		<property name="entityType" value="2"/>
		<property name="urlRoot" value="country"/>
	</bean>
	<bean id="homeCountryDensityController" parent="entityDensityController">
		<property name="entityType" value="6"/>
		<property name="urlRoot" value="homeCountry"/>
	</bean>
	<bean id="providerDensityController" parent="entityDensityController">
		<property name="entityType" value="3"/>
		<property name="urlRoot" value="provider"/>
	</bean>
	<bean id="resourceDensityController" parent="entityDensityController">
		<property name="entityType" value="4"/>
		<property name="urlRoot" value="resource"/>
	</bean>
	<bean id="networkDensityController" parent="entityDensityController">
		<property name="entityType" value="5"/>
		<property name="urlRoot" value="network"/>
	</bean>	
	
	<!-- Controller for Map Layers -->
	<bean id="entityDensityController" abstract="true" class="org.gbif.portal.web.controller.maplayer.EntityMapLayerController">
		<property name="viewNamePrefix" value="mapLayer"/>
		<property name="geospatialManager" ref="geospatialManager"/>
		<property name="supportedPatterns">
			<list>
				<list>
					<value>id</value>
					<value>minLat</value>
					<value>minLong</value>
					<value>maxLat</value>
					<value>maxLong</value>
				</list>
			</list>
		</property>
	</bean>
</beans>