<?xml version="1.0" encoding="UTF-8"?>
<!DOCTYPE beans PUBLIC "-//SPRING//DTD BEAN//EN" "http://www.springframework.org/dtd/spring-beans.dtd">
<!--  Application context definition for Department DispatcherServlet -->
<beans>

  <!--  Define how the dispatcher will select the contollers -->
  <bean id="urlMapping" class="org.springframework.web.servlet.handler.SimpleUrlHandlerMapping">
    <property name="interceptors">
      <list>
        <ref bean="localeChangeInterceptor" />
        <ref bean="departmentDataAgreementInterceptor" />
        <ref bean="sessionHistoryInterceptor" />
      </list>
    </property>
    <property name="mappings">
      <props>
        <prop key="/">departmentBrowserController</prop>
        <prop key="/browse/*">departmentBrowserController</prop>
        <prop key="/chart">departmentChartController</prop>
        <prop key="/**/*">departmentController</prop>
      </props>
    </property>
  </bean>

  <!--Browse Controller for Departments-->
  <bean id="departmentBrowserController" class="net.sibcolombia.portal.web.controller.department.DepartmentBrowserController">
    <property name="departmentManager" ref="departmentManager" />
    <property name="geospatialManager" ref="geospatialManager" />
    <property name="mapContentProvider" ref="mapContentProvider" />
    <property name="urlRoot" value="departments" />
    <property name="modelViewName" value="departmentBrowse" />
    <property name="defaultView" value="/welcome.htm" />
    <property name="messageSource" ref="messageSource" />
    <property name="supportedPatterns">
      <list>
        <list>
          <value>searchMethod</value>
          <value>searchString</value>
        </list>
      </list>
    </property>
  </bean>
  
    <!--Browse Controller for Departments charts-->
  <bean id="departmentChartController" class="net.sibcolombia.portal.web.controller.department.DepartmentBrowserController">
    <property name="departmentManager" ref="departmentManager" />
    <property name="geospatialManager" ref="geospatialManager" />
    <property name="mapContentProvider" ref="mapContentProvider" />
    <property name="urlRoot" value="departments" />
    <property name="modelViewName" value="departmentChart" />
    <property name="defaultView" value="/welcome.htm" />
    <property name="messageSource" ref="messageSource" />
    <property name="supportedPatterns">
      <list>
        <list>
          <value>searchMethod</value>
          <value>searchString</value>
        </list>
      </list>
    </property>
  </bean>
  
  <bean class="org.springframework.web.servlet.mvc.annotation.DefaultAnnotationHandlerMapping">
    <property name="useDefaultSuffixPattern" value="false" />
</bean>
  
  <!-- Controller for Department Views -->
  <bean id="departmentController" class="net.sibcolombia.portal.web.controller.geography.DepartmentController">
    <property name="departmentManager" ref="departmentManager" />
    <property name="mapContentProvider" ref="mapContentProvider" />
    <property name="urlRoot" value="departments" />
    <property name="viewNamePrefix" value="departmentView" />
    <property name="defaultView" value="/departments/" />
    <property name="supportedPatterns">
      <list>
        <list>
          <value>key</value>
        </list>
        <list>
          <value>key</value>
          <value>view</value>
        </list>
      </list>
    </property>
    <property name="supportedSubViews">
      <list>
        <value>mapWidget</value>
      </list>
    </property>
  </bean> 
  
  <!-- GeographyDataAgreementInterceptor - Ignore urls for bypassing security agreement  -->
  <bean id="departmentDataAgreementInterceptor"
    class="org.gbif.portal.web.controller.user.CookieAndSessionCheckInterceptor">
    <property name="ignoreUrlPatterns">
      <list>
        <value>/ajax</value>
        <value>/overviewMap.png</value>
        <value>/overviewmap.png</value>
        <value>/mapWidget</value>
        <value>/nameSearch</value>
        <value>/speciesSearch</value>
      </list>
    </property>
    <!-- uppercase -->
    <property name="robotsAgentsAllowedToBypassCookies">
      <set>
        <value>GOOGLEBOT</value>
      </set>
    </property>
  </bean>

</beans>