<?xml version="1.0" encoding="UTF-8"?>
<!DOCTYPE beans PUBLIC "-//SPRING//DTD BEAN//EN" "http://www.springframework.org/dtd/spring-beans.dtd">
<!--  Application context definition for Dataset DispatcherServlet -->
<beans>
	<!--  Define how the dispatcher will select the contollers -->
	<bean id="urlMapping" class="org.springframework.web.servlet.handler.SimpleUrlHandlerMapping">
		<property name="interceptors">
			<list>
				<ref bean="localeChangeInterceptor"/>
				<!-- Commented out for the widgets for Javi -->
				<!-- ref bean="dataAgreementInterceptor"/-->
                <ref bean="sessionHistoryInterceptor"/>				
			</list>
		</property>
		<property name="mappings">
			<props>
				<prop key="/*">downloadController</prop>
			</props>
		</property>
	</bean>
	
	<!-- Download controller -->
	<bean id="downloadController" class="org.gbif.portal.web.controller.download.DownloadController"/>	
</beans>