<?xml version="1.0" encoding="UTF-8"?>
<!DOCTYPE beans PUBLIC "-//SPRING//DTD BEAN//EN" "http://www.springframework.org/dtd/spring-beans.dtd">
<!--  Application context definition for Feedback DispatcherServlet -->
<beans>
	
	<!--  Define how the dispatcher will select the contollers -->
	<bean id="urlMapping" class="org.springframework.web.servlet.handler.SimpleUrlHandlerMapping">
		<property name="mappings">
			<props>
				<prop key="/verification/**/*">feedbackVerificationController</prop>
				<prop key="/submit/**/*">feedbackSubmitController</prop>
				<prop key="/**/*">feedbackInputController</prop>
			</props>
		</property>
	</bean>
	
	<!-- Controller for feedback input -->
	<bean id="feedbackInputController" class="org.gbif.portal.web.controller.feedback.FeedbackInputController">
		<property name="urlRoot" value="feedback"/>
		<property name="defaultView" value="/feedback/"/>
		<property name="taxonomyManager" ref="taxonomyManager"/>
		<property name="dataResourceManager" ref="dataResourceManager"/>
		<property name="occurrenceManager" ref="occurrenceManager"/>
		<property name="supportedPatterns">
			<list>
				<list>
					<value>conceptType</value>
					<value>conceptKey</value>
				</list>
			</list>
		</property>
	</bean>
	
	<!-- Controller for feedback input -->
	<bean id="feedbackSubmitController" class="org.gbif.portal.web.controller.feedback.FeedbackSubmitController">
		<property name="urlRoot" value="feedback/submit"/>
		<property name="defaultView" value="/feedback/"/>
		<property name="logManager" ref="logManager"/>
		<property name="supportedPatterns">
			<list>
				<list>
					<value>conceptType</value>
					<value>conceptKey</value>
				</list>
			</list>
		</property>
	</bean>
	
	<!-- Controller for user email verification -->
	<bean id="feedbackVerificationController" class="org.gbif.portal.web.controller.feedback.FeedbackVerficationController">
		<property name="urlRoot" value="feedback/verification"/>
		<property name="defaultView" value="/feedback/"/>
		<property name="logManager" ref="logManager"/>
		<property name="supportedPatterns">
			<list>
				<list>
					<value>userKey</value>
					<value>userCode</value>
				</list>
			</list>
		</property>
	</bean>
</beans>