<?xml version="1.0" encoding="UTF-8"?>
<!DOCTYPE beans PUBLIC "-//SPRING//DTD BEAN//EN" "http://www.springframework.org/dtd/spring-beans.dtd">
<!--  Application context definition for Geography DispatcherServlet -->
<beans>

  <!--  Define how the dispatcher will select the contollers -->
  <bean id="urlMapping" class="org.springframework.web.servlet.handler.SimpleUrlHandlerMapping">
    <property name="interceptors">
      <list>
        <ref bean="localeChangeInterceptor" />
        <ref bean="geographyDataAgreementInterceptor" />
        <ref bean="sessionHistoryInterceptor" />
      </list>
    </property>
    <property name="mappings">
      <props>
        <prop key="/">countryBrowserController</prop>
        <prop key="/browse/*">countryBrowserController</prop>
        <prop key="/repatriation">repatriationController</prop>
        <prop key="/repatriation/">repatriationController</prop>
        <prop key="/repatriation/*">repatriationController</prop>
        <prop key="/repatriation/ajaxCaption">repatriationController</prop>
        <prop key="/datasharing">repatriationController</prop>
        <prop key="/datasharing/">repatriationController</prop>
        <prop key="/datasharing/*">repatriationController</prop>
        <prop key="/datasharing/ajaxCaption">repatriationController</prop>
        <prop key="/nameSearch">nameSearchController</prop>
        <prop key="/nameSearch/**/*">nameSearchController</prop>
        <prop key="/speciesSearch">speciesCountrySearchController</prop>
        <prop key="/speciesSearch/**/*">speciesCountrySearchController</prop>        
        <prop key="/*/overviewMap.png">countryWidgetResolvingController</prop>
        <prop key="/*/overviewmap.png">countryWidgetResolvingController</prop>
        <prop key="/hosted/*/overviewMap.png">homeCountryWidgetResolvingController</prop>
        <prop key="/hosted/*/overviewmap.png">homeCountryWidgetResolvingController</prop>
        <prop key="/gbifWMSMap">urlFilenameController</prop>
        <prop key="/ajax/**/**">geographyNameController</prop>
        <prop key="/**/*">geographyController</prop>
      </props>
    </property>
  </bean>

  <bean id="repatriationController" class="org.gbif.portal.web.controller.geography.RepatriationController">
    <property name="geospatialManager" ref="geospatialManager" />
    <property name="occurrenceManager" ref="occurrenceManager" />
    <property name="taxonomyManager" ref="taxonomyManager" />
    <property name="dataResourceManager" ref="dataResourceManager" />
    <property name="systemManager" ref="systemManager" />
    <property name="mapContentProvider" ref="mapContentProvider" />
    <property name="messageSource" ref="messageSource" />
  </bean>

  <!-- Name search controller -->
  <bean id="nameSearchController" class="org.gbif.portal.web.controller.geography.CountryNameSearchController">
    <property name="geospatialManager" ref="geospatialManager" />
    <property name="defaultSubView" value="text" />
    <property name="defaultMaxResults" value="244" />
    <property name="allowEmptyQuery" value="true" />
    <property name="viewNamePrefix" value="countries" />
    <property name="supportedReturnTypes">
      <list>
        <value>name</value>
        <value>nameId</value>
        <value>nameIdMap</value>
        <value>nameIdUrl</value>
      </list>
    </property>
    <property name="supportedSubViews">
      <list>
        <value>text</value>
        <value>json</value>
        <value>xml</value>
      </list>
    </property>
  </bean>
  
  <!-- Name search controller -->
  <bean id="speciesCountrySearchController" class="org.gbif.portal.web.controller.geography.CountrySpeciesSearchController">
    <property name="dataResourceManager" ref="dataResourceManager" />
    <property name="taxonomyManager" ref="taxonomyManager" />
    <property name="geospatialManager" ref="geospatialManager" />
    <property name="defaultSubView" value="json" />
    <property name="viewNamePrefix" value="countries" />
    <property name="supportedReturnTypes">
      <list>
        <value>counts</value>
      </list>
    </property>
    <property name="supportedSubViews">
      <list>
        <value>json</value>
      </list>
    </property>
  </bean>  

  <!-- Controller for Geography Views -->
  <bean id="geographyController" class="org.gbif.portal.web.controller.geography.GeographyController">
    <property name="geospatialManager" ref="geospatialManager" />
    <property name="mapContentProvider" ref="mapContentProvider" />
    <property name="urlRoot" value="countries" />
    <property name="viewNamePrefix" value="geographyView" />
    <property name="defaultView" value="/countries/" />
    <property name="supportedPatterns">
      <list>
        <list>
          <value>key</value>
        </list>
        <list>
          <value>key</value>
          <value>view</value>
        </list>
      </list>
    </property>
    <property name="supportedSubViews">
      <list>
        <value>mapWidget</value>
      </list>
    </property>
  </bean>

  <!--Browse Controller for Countries-->
  <bean id="countryBrowserController" class="org.gbif.portal.web.controller.geography.GeographyBrowserController">
    <property name="geospatialManager" ref="geospatialManager" />
    <property name="urlRoot" value="countries" />
    <property name="modelViewName" value="geographyBrowse" />
    <property name="defaultView" value="/welcome.htm" />
    <property name="supportedPatterns">
      <list>
        <list>
          <value>searchMethod</value>
          <value>searchString</value>
        </list>
      </list>
    </property>
  </bean>

  <!-- Widget controller for country widgets -->
  <bean id="countryWidgetResolvingController" class="org.gbif.portal.web.controller.RestController">
    <property name="urlRoot" value="countries" />
    <property name="supportedPatterns">
      <list>
        <list>
          <value>key</value>
          <value>view</value>
        </list>
      </list>
    </property>
    <property name="additionalProperties">
      <map>
        <entry key="entityType" value="country" />
      </map>
    </property>
  </bean>
  <!-- Widget controller for host country widgets -->
  <bean id="homeCountryWidgetResolvingController" class="org.gbif.portal.web.controller.RestController">
    <property name="urlRoot" value="hosted" />
    <property name="supportedPatterns">
      <list>
        <list>
          <value>key</value>
          <value>view</value>
        </list>
      </list>
    </property>
    <property name="additionalProperties">
      <map>
        <entry key="entityType" value="homeCountry" />
      </map>
    </property>
  </bean>
  
  <!-- AJAX Controller for Geo Regions and Country lists -->
  <bean id="geographyNameController" class="org.gbif.portal.web.controller.geography.GeographyNameController">
    <property name="geospatialManager" ref="geospatialManager" />
    <property name="urlRoot" value="geography/ajax/" />
    <property name="defaultView" value="/geography/" />
    <property name="viewNamePrefix" value="georegionKeyValuePairs" />
    <property name="supportedPatterns">
      <list>
        <list>
          <value>country</value>
        </list>
      </list>
    </property>
  </bean>  

  <!-- GeographyDataAgreementInterceptor - Ignore urls for bypassing security agreement  -->
  <bean id="geographyDataAgreementInterceptor"
    class="org.gbif.portal.web.controller.user.CookieAndSessionCheckInterceptor">
    <property name="ignoreUrlPatterns">
      <list>
        <value>/ajax</value>
        <value>/overviewMap.png</value>
        <value>/overviewmap.png</value>
        <value>/mapWidget</value>
        <value>/nameSearch</value>
        <value>/speciesSearch</value>
      </list>
    </property>
    <!-- uppercase -->
    <property name="robotsAgentsAllowedToBypassCookies">
      <set>
        <value>GOOGLEBOT</value>
      </set>
    </property>
  </bean>
</beans>