<!DOCTYPE log4j:configuration SYSTEM "log4j.dtd">
<log4j:configuration xmlns:log4j="http://jakarta.apache.org/log4j/" debug="false">
	<appender name="CONSOLE" class="org.apache.log4j.ConsoleAppender">
		<param name="Threshold" value="INFO"/>
		<layout class="org.apache.log4j.PatternLayout">
			<!--param name="ConversionPattern" value="%d{ABSOLUTE} %-5p [%c{1}]  %m%n"/-->
			<param name="ConversionPattern" value="%-5p [%c{1}]  %m%n"/>
		</layout>
	</appender>
	<appender name="FILE" class="org.apache.log4j.FileAppender">
		<param name="Threshold" value="WARN"/>
		<param name="File" value="${catalina.home}/logs/portal.log"/>
		<param name="Append" value="true"/>
		<layout class="org.apache.log4j.PatternLayout">
			<!--param name="ConversionPattern" value="%d{ABSOLUTE} %-5p [%c{1}]  %m%n"/-->
			<param name="ConversionPattern" value="%d{dd MMM yyyy HH:mm:ss,SSS} %-5p [%c{1}]  %m%n"/>
		</layout>
	</appender>

	<appender name="DATABASE" class="org.gbif.portal.util.log.GbifDatabaseLogAppender">
		<param name="Threshold" value="INFO"/>  
		<param name="driverClassName" value="com.mysql.jdbc.Driver"/>
		<param name="serverName" value="localhost"/>
		<param name="port" value="3306"/>
		<param name="databaseName" value="portal"/>
		<param name="userName" value="root"/>
		<param name="password" value="password"/>
	</appender>
	
	<!-- Alter the logging of known libs -->
	<category name="org.gbif">
		<!-- USAGE and FEEDBACK NEEDS INFO!!! -->
		<priority value="DEBUG"/>
	</category>
	<category name="net.sibcolombia">
		<!-- USAGE and FEEDBACK NEEDS INFO!!! -->
		<priority value="DEBUG"/>
	</category>
	<category name="org">
		<priority value="ERROR"/>
	</category>
	<category name="net">
		<priority value="ERROR"/>
	</category>
	<category name="com">
		<priority value="ERROR"/>
	</category>
	<category name="httpclient">
		<priority value="ERROR"/>
	</category>
	<category name="org.springframework.aop.interceptor.cache">
		<priority value="ERROR"/>
	</category>
	<category name="org.springframework">
		<priority value="ERROR"/>
	</category>
	<root>
		<!-- For live we use file logging -->
		<appender-ref ref="CONSOLE"/>
		<appender-ref ref="DATABASE"/>
		<appender-ref ref="FILE"/>
	</root>
</log4j:configuration>