<?xml version="1.0" encoding="UTF-8"?>
<!DOCTYPE beans PUBLIC "-//SPRING//DTD BEAN//EN" "http://www.springframework.org/dtd/spring-beans.dtd">
<!-- Application context definition for Main DispatcherServlet -->
<beans>
  <!-- Define how the dispatcher will select the contollers -->
  <bean id="urlMapping" class="org.springframework.web.servlet.handler.SimpleUrlHandlerMapping">
    <property name="interceptors">
      <list>
        <ref bean="localeChangeInterceptor" />
        <ref bean="sessionHistoryInterceptor" />
      </list>
    </property>
    <property name="mappings">
      <props>
        <prop key="/inicio.htm">frontPageController</prop>
        <prop key="/welcome.htm">frontPageController</prop>
        <prop key="/settings.htm">settingsController</prop>
        <prop key="/terms.htm">acceptTermsController</prop>
        <prop key="/about.htm">urlFilenameController</prop>
        <prop key="/systemDetails.htm">systemController</prop>
        <prop key="/clearCache.htm">systemController</prop>
        <!-- The administration functions require authentication -->
        <prop key="/admin/*.htm">urlFilenameController</prop>
        <prop key="/register">urlFilenameController</prop>
        <prop key="/version.htm">urlFilenameController</prop>
        <prop key="/bugs.htm">urlFilenameController</prop>
        <!-- Statistics page for SIB Dataportal -->
        <prop key="/stats.htm">statsController</prop>
        <prop key="/cifras.htm">statsController</prop>
      </props>
    </property>
  </bean>

  <bean id="pageController" class="org.gbif.portal.web.controller.RestController" />

  <!-- The home Page -->
  <bean id="frontPageController" class="org.gbif.portal.web.controller.ConfigurableContentController">
    <property name="viewName" value="inicio" />
    <property name="contentProviders">
      <list>
        <bean id="taxonomyIntroProvider" class="org.gbif.portal.web.content.taxonomy.TaxonomyIntroProvider">
          <property name="taxonomyManager" ref="taxonomyManager" />
          <property name="dataResourceManager" ref="dataResourceManager" />
        </bean>
        <bean id="geospatialIntroProvider" class="org.gbif.portal.web.content.geospatial.GeospatialIntroProvider">
          <property name="geospatialManager" ref="geospatialManager" />
        </bean>
        <bean id="datasetIntroProvider" class="org.gbif.portal.web.content.dataset.DatasetIntroProvider">
          <property name="dataResourceManager" ref="dataResourceManager" />
        </bean>
        <bean id="occurrenceIntroProvider" class="org.gbif.portal.web.content.occurrence.OccurrenceIntroProvider">
          <property name="occurrenceManager" ref="occurrenceManager" />
        </bean>
      </list>
    </property>
  </bean>
  
 
  <!-- The Settings Page -->
  <bean id="settingsController" class="org.gbif.portal.web.controller.user.SettingsController">
    <property name="themeResolver" ref="themeResolver" />
    <property name="localeResolver" ref="localeResolver" />
    <property name="commandName" value="settings" />
    <property name="commandClass" value="org.gbif.portal.web.controller.user.Settings" />
    <property name="formView" value="settings" />
    <property name="successView" value="settings" />
  </bean>

  <!-- The Data Agreement Page -->
  <bean id="acceptTermsController" class="org.gbif.portal.web.controller.user.AcceptTermsController">
    <property name="commandName" value="conditions" />
    <property name="commandClass" value="org.gbif.portal.web.controller.user.AgreementCheck" />
    <property name="formView" value="agreement" />
    <property name="successView" value="agreement" />
  </bean>

  <!-- The Data Agreement Page -->
  <bean id="systemController" class="org.gbif.portal.web.controller.SystemController">
    <property name="dataResourceManager" ref="dataResourceManager" />
    <property name="systemManager" ref="systemManager" />
    <property name="mapContentProvider" ref="mapContentProvider" />
  </bean>
 
  <!-- Statistics page for SIB Dataportal -->
  <bean id="statsController" class="net.sibcolombia.portal.web.controller.stats.StatsController">
    <property name="departmentManager" ref="departmentManager" />
    <property name="dataResourceManager" ref="dataResourceManager" />
    <property name="modelViewName" value="statsView" />
  </bean>

</beans>