<?xml version="1.0" encoding="UTF-8"?>
<!DOCTYPE beans PUBLIC "-//SPRING//DTD BEAN//EN" "http://www.springframework.org/dtd/spring-beans.dtd">
<!--  Application context definition for Taxonomy DispatcherServlet -->
<beans>
	<!--  Defines how the dispatcher will select the contollers -->
	<bean id="urlMapping" class="org.springframework.web.servlet.handler.SimpleUrlHandlerMapping">
		<property name="interceptors">
			<list>
				<ref bean="localeChangeInterceptor"/>
				<ref bean="taxonomyDataAgreementInterceptor"/>
        <ref bean="sessionHistoryInterceptor"/>				
			</list>
		</property>
		<property name="mappings">
			<props>
				<prop key="/commonName/*">taxonCommonNameResolvingController</prop>
				<prop key="/*/overviewMap.png">taxonTaxonWidgetResolvingController</prop>
				<prop key="/">taxonomyBrowseController</prop>
				<prop key="/*.htm">urlFilenameController</prop>						
				<prop key="/**/*">taxonTaxonResolvingController</prop>
			</props>
		</property>
	</bean>

	<!--  Common Name Resolving Controller -->
	<bean id="taxonCommonNameResolvingController" parent="commonNameResolvingController">
		<property name="urlRoot" value="commonName"/>
	</bean>

	<!--Taxon Concept Resolving Controller - resolving using Scientific Name -->
	<bean id="taxonTaxonResolvingController" parent="taxonResolvingController">
		<property name="urlRoot" value="taxon"/>
	</bean>
				
	<!-- Widget controller for taxonomy widgets -->
	<bean id="taxonTaxonWidgetResolvingController" parent="taxonWidgetResolvingController">
		<property name="urlRoot" value="taxon"/>
	</bean>
</beans>