﻿<?xml version="1.0" encoding="UTF-8" ?>
<!DOCTYPE properties SYSTEM "http://java.sun.com/dtd/properties.dtd">
<properties>
<comment>
ISO Countries

country.alphabet.skips specifies which letters of the alphabet to skip in alphabet
based browsers - this is dependent on the language in use
</comment>
<entry key="country.alphabet.skips">X</entry>
<entry key="country.AF">아프카니스탄 (Afghanistan)</entry>
<entry key="country.AX">올란드제도 (Åland Islands)</entry>
<entry key="country.AL">알바니아 (Albania)</entry>
<entry key="country.DZ">알제리 (Algeria)</entry>
<entry key="country.AS">미국령 사모아 (American Samoa)</entry>
<entry key="country.AD">안도라 (Andorra)</entry>
<entry key="country.AO">앙골라 (Angola)</entry>
<entry key="country.AI">앙길라 (Anguilla)</entry>
<entry key="country.AQ">남극 (Antarctica)</entry>
<entry key="country.AG">앤티가바부다 (Antigua And Barbuda)</entry>
<entry key="country.AR">아르헨티나 (Argentina)</entry>
<entry key="country.AM">아르메니아 (Armenia)</entry>
<entry key="country.AW">아루바 (Aruba)</entry>
<entry key="country.AU">호주 (Australia)</entry>
<entry key="country.AT">오스트리아 (Austria)</entry>
<entry key="country.AZ">아제르바이잔 (Azerbaijan)</entry>
<entry key="country.BS">바하마 (Bahamas)</entry>
<entry key="country.BH">바레인 (Bahrain)</entry>
<entry key="country.BD">방글라데시 (Bangladesh)</entry>
<entry key="country.BB">바베이도스 (Barbados)</entry>
<entry key="country.BY">벨로루시 (Belarus)</entry>
<entry key="country.BE">벨기에 (Belgium)</entry>
<entry key="country.BZ">벨리즈 (Belize)</entry>
<entry key="country.BJ">베냉 (Benin)</entry>
<entry key="country.BM">버뮤다 (Bermuda)</entry>
<entry key="country.BT">부탄 (Bhutan)</entry>
<entry key="country.BO">볼리비아 (Bolivia)</entry>
<entry key="country.BA">보스니아헤르체고비나 (Bosnia And Herzegovina)</entry>
<entry key="country.BW">보츠와나 (Botswana)</entry>
<entry key="country.BV">부베이제도 (Bouvet Island)</entry>
<entry key="country.BR">브라질 (Brazil)</entry>
<entry key="country.IO">영국령 인도제도 (British Indian Ocean Territory)</entry>
<entry key="country.BN">브루나이 (Brunei Darussalam)</entry>
<entry key="country.BG">불가리아 (Bulgaria)</entry>
<entry key="country.BF">부르키나파소 (Burkina Faso)</entry>
<entry key="country.BI">부룬디 (Burundi)</entry>
<entry key="country.KH">캄보디아 (Cambodia)</entry>
<entry key="country.CM">카메룬 (Cameroon)</entry>
<entry key="country.CA">캐나다 (Canada)</entry>
<entry key="country.CV">카보베르데 (Cape Verde)</entry>
<entry key="country.KY">케이먼제도 (Cayman Islands)</entry>
<entry key="country.CF">중앙아프리카공화국 (Central African Republic)</entry>
<entry key="country.TD">차드 (Chad)</entry>
<entry key="country.CL">칠레 (Chile)</entry>
<entry key="country.CN">중국 (China)</entry>
<entry key="country.TW">대만 (Chinese Taipei)</entry>
<entry key="country.CX">크리스마스제도 (Christmas Island)</entry>
<entry key="country.CC">코코스제도 (Cocos  (Keeling) Islands)</entry>
<entry key="country.CO">콜롬비아 (Colombia)</entry>
<entry key="country.KM">코모로 (Comoros)</entry>
<entry key="country.CG">콩고 (Congo)</entry>
<entry key="country.CD">콩고민주공화국 (Congo, The Democratic Republic Of The)</entry>
<entry key="country.CK">쿡제도 (Cook Islands)</entry>
<entry key="country.CR">코스타리카 (Costa Rica)</entry>
<entry key="country.CI">코트디부아르 (Cote D'ivoire)</entry>
<entry key="country.HR">크로아티아 (Croatia)</entry>
<entry key="country.CU">쿠바 (Cuba)</entry>
<entry key="country.CY">사이프러스 (Cyprus)</entry>
<entry key="country.CZ">체코 (Czech Republic)</entry>
<entry key="country.DK">덴만크 (Denmark)</entry>
<entry key="country.DJ">지부티 (Djibouti)</entry>
<entry key="country.DM">도미니카 (Dominica)</entry>
<entry key="country.DO">도미나카공화국 (Dominican Republic)</entry>
<entry key="country.EC">에콰도르 (Ecuador)</entry>
<entry key="country.EG">이집트 (Egypt)</entry>
<entry key="country.SV">엘살바도르 (El Salvador)</entry>
<entry key="country.GQ">적도기니 (Equatorial Guinea)</entry>
<entry key="country.ER">에리트레아 (Eritrea)</entry>
<entry key="country.EE">에스토니아 (Estonia)</entry>
<entry key="country.ET">이디오피아 (Ethiopia)</entry>
<entry key="country.FK">포클랜드제도 (Falkland Islands  (Malvinas))</entry>
<entry key="country.FO">페로제도 (Faroe Islands)</entry>
<entry key="country.FJ">피지 (Fiji)</entry>
<entry key="country.FI">핀란드 (Finland)</entry>
<entry key="country.FR">프랑스 (France)</entry>
<entry key="country.GF">프랑스령 기아나 (French Guiana)</entry>
<entry key="country.PF">프랑스령 폴리네시아 (French Polynesia)</entry>
<entry key="country.TF">프랑스령 남부영토 (French Southern Territories)</entry>
<entry key="country.GA">가봉 (Gabon)</entry>
<entry key="country.GM">감비아 (Gambia)</entry>
<entry key="country.GE">그루지야 (Georgia)</entry>
<entry key="country.DE">독일 (Germany)</entry>
<entry key="country.GH">가나 (Ghana)</entry>
<entry key="country.GI">지브랄타 (Gibraltar)</entry>
<entry key="country.GR">그리스 (Greece)</entry>
<entry key="country.GL">그린랜드 (Greenland)</entry>
<entry key="country.GD">그레나다 (Grenada)</entry>
<entry key="country.GP">과달루페 (Guadeloupe)</entry>
<entry key="country.GU">괌 (Guam)</entry>
<entry key="country.GT">과테말라 (Guatemala)</entry>
<entry key="country.GG">건지 (Guernsey)</entry>
<entry key="country.GN">기니 (Guinea)</entry>
<entry key="country.GW">기니비사우 (Guinea-bissau)</entry>
<entry key="country.GY">가이아나 (Guyana)</entry>
<entry key="country.HT">아이티 (Haiti)</entry>
<entry key="country.HM">허드제도맥도날드제도 (Heard Island And Mcdonald Islands)</entry>
<entry key="country.VA">교황청 (Holy See  (Vatican City State))</entry>
<entry key="country.HN">온두라스 (Honduras)</entry>
<entry key="country.HK">홍콩 (Hong Kong)</entry>
<entry key="country.HU">헝가리 (Hungary)</entry>
<entry key="country.IS">아이슬랜드 (Iceland)</entry>
<entry key="country.IN">인도 (India)</entry>
<entry key="country.ID">인도네시아 (Indonesia)</entry>
<entry key="country.IR">이란 (Iran, Islamic Republic Of)</entry>
<entry key="country.IQ">이라크 (Iraq)</entry>
<entry key="country.IE">아일랜드 (Ireland)</entry>
<entry key="country.IM">맨섬 (Isle Of Man)</entry>
<entry key="country.IL">이스라엘 (Israel)</entry>
<entry key="country.IT">이탈리아 (Italy)</entry>
<entry key="country.JM">자메이카 (Jamaica)</entry>
<entry key="country.JP">일본 (Japan)</entry>
<entry key="country.JE">저지 (Jersey)</entry>
<entry key="country.JO">요르단 (Jordan)</entry>
<entry key="country.KZ">카자흐스탄 (Kazakhstan)</entry>
<entry key="country.KE">케냐 (Kenya)</entry>
<entry key="country.KI">키리바시 (Kiribati</entry>
<entry key="country.KP">조선인민민주주의공화국 (Korea, Democratic People's Republic Of)</entry>
<entry key="country.KR">대한민국 (Korea, Republic Of)</entry>
<entry key="country.KW">쿠웨이트 (Kuwait)</entry>
<entry key="country.KG">키르기즈스탄 (Kyrgyzstan)</entry>
<entry key="country.LA">라오스 (Lao People's Democratic Republic)</entry>
<entry key="country.LV">라트비아 (Latvia)</entry>
<entry key="country.LB">레바논 (Lebanon)</entry>
<entry key="country.LS">레소토 (Lesotho)</entry>
<entry key="country.LR">라이베리아 (Liberia)</entry>
<entry key="country.LY">리비아 (Libyan Arab Jamahiriya)</entry>
<entry key="country.LI">리히텐슈타인 (Liechtenstein)</entry>
<entry key="country.LT">리투아니아 (Lithuania)</entry>
<entry key="country.LU">룩셈부르크 (Luxembourg)</entry>
<entry key="country.MO">마카오 (Macao)</entry>
<entry key="country.MK">마케도니아 (Macedonia, The Former Yugoslav Republic Of)</entry>
<entry key="country.MG">마다가스카르 (Madagascar)</entry>
<entry key="country.MW">말라위 (Malawi)</entry>
<entry key="country.MY">말레이시아 (Malaysia)</entry>
<entry key="country.MV">몰디브 (Maldives)</entry>
<entry key="country.ML">말리 (Mali)</entry>
<entry key="country.MT">몰타 (Malta)</entry>
<entry key="country.MH">마샬제도 (Marshall Islands)</entry>
<entry key="country.MQ">마티니크 (Martinique)</entry>
<entry key="country.MR">모리타니 (Mauritania)</entry>
<entry key="country.MU">모리셔스 (Mauritius)</entry>
<entry key="country.YT">마요트 (Mayotte)</entry>
<entry key="country.MX">멕시코 (Mexico)</entry>
<entry key="country.FM">마이크로네시아 (Micronesia, Federated States Of)</entry>
<entry key="country.MD">몰도바 (Moldova, Republic Of)</entry>
<entry key="country.MC">모나코 (Monaco)</entry>
<entry key="country.MN">몽골 (Mongolia)</entry>
<entry key="country.ME">몬테네그로 (Montenegro)</entry>
<entry key="country.MS">몬트세렛 (Montserrat)</entry>
<entry key="country.MA">모로코 (Morocco)</entry>
<entry key="country.MZ">모잠비크 (Mozambique)</entry>
<entry key="country.MM">미얀마 (Myanmar)</entry>
<entry key="country.NA">나미비아 (Namibia)</entry>
<entry key="country.NR">나우루 (Nauru)</entry>
<entry key="country.NP">네팔 (Nepal)</entry>
<entry key="country.NL">네덜란드 (Netherlands)</entry>
<entry key="country.AN">네덜란드령 안틸레스 (Netherlands Antilles)</entry>
<entry key="country.NC">뉴칼레도니아 (New Caledonia)</entry>
<entry key="country.NZ">뉴질랜드 (New Zealand)</entry>
<entry key="country.NI">니카라과 (Nicaragua)</entry>
<entry key="country.NE">니제르 (Niger)</entry>
<entry key="country.NG">나이지리아 (Nigeria)</entry>
<entry key="country.NU">니우에 (Niue)</entry>
<entry key="country.NF">노퍽제도 (Norfolk Island)</entry>
<entry key="country.MP">북마리아나제도 (Northern Mariana Islands)</entry>
<entry key="country.NO">노르웨이 (Norway)</entry>
<entry key="country.OM">오만 (Oman)</entry>
<entry key="country.PK">파키스탄 (Pakistan)</entry>
<entry key="country.PW">팔라우 (Palau)</entry>
<entry key="country.PS">팔레스타인 (Palestinian Territory, Occupied)</entry>
<entry key="country.PA">파나마 (Panama)</entry>
<entry key="country.PG">파푸아뉴기니 (Papua New Guinea)</entry>
<entry key="country.PY">파라과이 (Paraguay)</entry>
<entry key="country.PE">페루 (Peru)</entry>
<entry key="country.PH">필리핀 (Philippines)</entry>
<entry key="country.PN">핏케언 (Pitcairn)</entry>
<entry key="country.PL">폴란드 (Poland)</entry>
<entry key="country.PT">포르투갈 (Portugal)</entry>
<entry key="country.PR">푸에르토리코 (Puerto Rico)</entry>
<entry key="country.QA">카타르 (Qatar)</entry>
<entry key="country.RE">리유니온 (Reunion)</entry>
<entry key="country.RO">루마니아 (Romania)</entry>
<entry key="country.RU">러시아 (Russian Federation)</entry>
<entry key="country.RW">르완다 (Rwanda)</entry>
<entry key="country.SH">세인트헬레나 (Saint Helena)</entry>
<entry key="country.KN">세인트킷츠네비스 (Saint Kitts And Nevis)</entry>
<entry key="country.LC">세인트루시아 (Saint Lucia)</entry>
<entry key="country.PM">생피에르미클롱 (Saint Pierre And Miquelon)</entry>
<entry key="country.VC">세인트빈센트그레나딘 (Saint Vincent And The Grenadines)</entry>
<entry key="country.WS">사모아 (Samoa)</entry>
<entry key="country.SM">산마리노 (San Marino)</entry>
<entry key="country.ST">상투메프린시페 (Sao Tome And Principe)</entry>
<entry key="country.SA">사우디아라비아 (Saudi Arabia)</entry>
<entry key="country.SN">세네갈 (Senegal)</entry>
<entry key="country.RS">세르비아 (Serbia)</entry>
<entry key="country.SC">세이셸 (Seychelles)</entry>
<entry key="country.SL">시에라리온 (Sierra Leone)</entry>
<entry key="country.SG">싱가포르 (Singapore)</entry>
<entry key="country.SK">슬로바키아 (Slovakia)</entry>
<entry key="country.SI">슬로베니아 (Slovenia)</entry>
<entry key="country.SB">솔로몬제도 (Solomon Islands)</entry>
<entry key="country.SO">소말리아 (Somalia)</entry>
<entry key="country.ZA">남아프리카공화국 (South Africa)</entry>
<entry key="country.GS">사우스조지아앤사우스샌드위치제도 (South Georgia And The South Sandwich Islands)</entry>
<entry key="country.ES">스페인 (Spain)</entry>
<entry key="country.LK">스리랑카 (Sri Lanka)</entry>
<entry key="country.SD">수단 (Sudan)</entry>
<entry key="country.SR">수리남 (Suriname)</entry>
<entry key="country.SJ">스발바르드얀마이엔 (Svalbard And Jan Mayen)</entry>
<entry key="country.SZ">스와질랜드 (Swaziland)</entry>
<entry key="country.SE">스웨덴 (Sweden)</entry>
<entry key="country.CH">스위스 (Switzerland)</entry>
<entry key="country.SY">시리아 (Syrian Arab Republic)</entry>
<entry key="country.TJ">타지키스탄 (Tajikistan)</entry>
<entry key="country.TZ">탄자니아 (Tanzania, United Republic Of)</entry>
<entry key="country.TH">태국 (Thailand)</entry>
<entry key="country.TL">동티모르 (Timor-leste)</entry>
<entry key="country.TG">토고 (Togo)</entry>
<entry key="country.TK">토켈라우 (Tokelau)</entry>
<entry key="country.TO">통가 (Tonga)</entry>
<entry key="country.TT">트리니다드토바고 (Trinidad And Tobago)</entry>
<entry key="country.TN">튀니지 (Tunisia)</entry>
<entry key="country.TR">터키 (Turkey)</entry>
<entry key="country.TM">투르크메니스탄 (Turkmenistan)</entry>
<entry key="country.TC">터크스케이커스제도 (Turks And Caicos Islands)</entry>
<entry key="country.TV">투발루 (Tuvalu)</entry>
<entry key="country.UG">우간다 (Uganda)</entry>
<entry key="country.UA">우크라이나 (Ukraine)</entry>
<entry key="country.AE">아랍에미리트 (United Arab Emirates)</entry>
<entry key="country.GB">영국 (United Kingdom)</entry>
<entry key="country.US">미국 (United States)</entry>
<entry key="country.UM">미국령 마이너우틀링제도 (United States Minor Outlying Islands)</entry>
<entry key="country.UY">우루과이 (Uruguay)</entry>
<entry key="country.UZ">우즈베키스탄 (Uzbekistan)</entry>
<entry key="country.VU">바누아투 (Vanuatu)</entry>
<entry key="country.VE">베네수엘라 (Venezuela)</entry>
<entry key="country.VN">베트남 (Viet Nam)</entry>
<entry key="country.VG">영국령 버진아일랜드 (Virgin Islands, British)</entry>
<entry key="country.VI">미국령 버진아일랜드 (Virgin Islands, U.S.)</entry>
<entry key="country.WF">월리스푸투나 (Wallis And Futuna)</entry>
<entry key="country.EH">사하라 (Western Sahara)</entry>
<entry key="country.YE">예멘 (Yemen)</entry>
<entry key="country.ZM">잠비아 (Zambia)</entry>
<entry key="country.ZW">짐바브웨 (Zimbabwe)</entry>
</properties>