﻿<?xml version="1.0" encoding="UTF-8" ?>
<!DOCTYPE properties SYSTEM "http://java.sun.com/dtd/properties.dtd">
<properties>
<entry key="region.EAF">동부아프리카</entry>
<entry key="region.MAF">중앙아프리카</entry>
<entry key="region.NAF">북부아프리카</entry>
<entry key="region.SAF">남부아프리카</entry>
<entry key="region.WAF">서부아프리카</entry>
<entry key="region.CAR">카리브</entry>
<entry key="region.CAM">중앙아메리카</entry>
<entry key="region.SAM">남부아메리카</entry>
<entry key="region.NAM">북부아메리카</entry>
<entry key="region.CAS">중앙아시아</entry>
<entry key="region.EAS">동아시아</entry>
<entry key="region.SAS">남아시아</entry>
<entry key="region.SEA">동남아시아</entry>
<entry key="region.WAS">서아시아</entry>
<entry key="region.EEU">동유럽</entry>
<entry key="region.NEU">북유럽</entry>
<entry key="region.SEU">남유럽</entry>
<entry key="region.WEU">서유럽</entry>
<entry key="region.ANZ">호주및뉴질랜드</entry>
<entry key="region.MEL">멜라네시아</entry>
<entry key="region.MIC">마이크로네시아</entry>
<entry key="region.POL">폴리네시아</entry>
<entry key="region.ANT">남극</entry>
</properties>